Exame,Similares
PSA TOTAL,ANTIGENO PROSTATICO ESPECIFICO TOTAL
TRIAGEM TOXICOLÓGICO,TRIAGEM PARA DROGAS DE ABUSO
TRIAGEM TOXICOLÓGICO,TRIAGEM TOXICOLOGICA
TRIAGEM TOXICOLÓGICO,TRIAGEM TOXICOLOGICA URINARIA
SUMÁRIO DE URINA (EAS),ELEMENTOS ANORMAIS E SEDIMENTOSCOPIA EAS
SUMÁRIO DE URINA (EAS),ELEMENTOS ANORMAIS E SEDIMENTOSCOPIA
PESQUISA DE SANGUE OCULTO NAS FEZES,SANGUE OCULTO FECAL
TGO (AST),TGO TRANSAMINASE OXALACETICA
TGP (ALT),TGP TRANSAMINASE PIRUVICA
TGP (ALT),ALANINA AMINO TRANSFERASE TGP
ETANOL URINÁRIO,ALCOOL ETILICO ETANOL
