Exame,Similares
TGP (ALT),TRANSAMINASE PIRUVICA TGP ALT
TGP (ALT),TGP
TGP (ALT),ALANINA AMINOTRANSFERASE TGP ALT
TGP (ALT),ALANINA AMINOTRANSFERASE TGP
TGP (ALT),TRANSAMINASE PIRUVICA TGP
TGP (ALT),TGP ALANINA AMINOTRANSFERASE
TGP (ALT),TGP ALT ALANINA AMINOTRANSFERASE
TGP (ALT),TGP ALT TRANSAMINASE GLUTAMICO PIRUVICA
TGP (ALT),TRANSAMINASE PIRUVICA
TGO (AST),TRANSAMINASE OXALOACETICA TGO AST
TGO (AST),TGO
TGO (AST),ASPARTATO AMINOTRANSFERASE TGO AST
TGO (AST),TRANSAMINASE OXALACETICA TGO
TGO (AST),ASPATATO AMINOTRANSFERASE TGO AST
TGO (AST),ASPARTATO AMINO TRANSFERASE TGO
TGO (AST),ASPARTATO AMINOTRANSFERASE TGO
TGO (AST),TRANSAMINASE OXALACETICA TGO AST
TGO (AST),TRANSAMINASE OXALACETICA
TSH,TSH ULTRA SENSIVEL
TSH,TSH HORMONIO TIREOESTIMULANTE
TSH,HORMONIO TIREOESTIMULANTE ULTRASSENSIVEL TSH
TSH,TSH TERCEIRA GERACAO
TSH,TSH HOMONIO TIREOESTIMULANTE
PESQUISA DE SANGUE OCULTO NAS FEZES,PESQUISA DE SANGUE OCULTO
PESQUISA DE SANGUE OCULTO NAS FEZES,SANGUE OCULTO
PESQUISA DE SANGUE OCULTO NAS FEZES,SANGUE OCULTO PESQUISA
PESQUISA DE SANGUE OCULTO NAS FEZES,SANGUE OCULTO PESQUISA COM ANTICORPOS
PESQUISA DE SANGUE OCULTO NAS FEZES,SANGUE OCULTO ANTICORPOS MONOCLONAIS
SUMÁRIO DE URINA (EAS),SUMARIO DE URINA
SUMÁRIO DE URINA (EAS),URINA I
SUMÁRIO DE URINA (EAS),URINA EAS
SUMÁRIO DE URINA (EAS),URINA ROTINA
SUMÁRIO DE URINA (EAS),PARCIAL DE URINA
SUMÁRIO DE URINA (EAS),EAS
glicemia de jejum,GLICEMIA EM JEJUM
glicose,GLICOSE DE JEJUM
glicose,GLICOSE JEJUM
glicose,DOSAGEM DE GLICOSE
glicose,GLICOSE EM JEJUM
glicose,GLICOSE JEJUM DOSAGEM
PSA TOTAL,PSA TOTAL ANTIGENO PROSTATICO ESP
PSA TOTAL,PSA TOTAL ANTIGENO PROSTATICO ESPECIFICO
PSA TOTAL,PSA TOTAL ANTIGENO PROSTATICO
PSA TOTAL,PSA TOTAL ULTRA SENSIVEL
HEMOGLOBINA GLICADA,HEMOGLOBINA GLICADA A1C
HEMOGLOBINA GLICADA,HEMOGLOBINA GLICADA HBA1C
HEMOGLOBINA GLICADA,HEMOGLOBINA GLICADA E GLICOSE MEDIA ESTIMADA
RADIOGRAFIA DE COLUNA LOMBO SACRA AP/PERFIL,RADIOGRAFIA DA COLUNA LOMBO SACRA AP PERFIL
RADIOGRAFIA DE COLUNA LOMBO SACRA AP/PERFIL,RX DE COLUNA LOMBO SACRA AP E PERFIL
audiometria tonal,AUDIOMETRIA TONAL OCUPACIONAL
CLÍNICO OCUPACIONAL,EXAME CLINICO OCUPACIONAL
QUESTIONÁRIO PARA IDENTIFICAÇÃO DE INDIVÍDUOS COM EPILEPSIA - OMS,QUESTIONARIO PARA IDENTIFICACAO DE INDIVIDUOS COM EPILEPSIA
radiografia de torax - padrao oit,RX TORAX OIT PA
radiografia de torax - padrao oit,RX TORAX OIT
radiografia de torax - padrao oit,RX TORAX PA OIT
radiografia de torax pa,RX DE TORAX PA
eletrocardiograma,LAUDO DE ELETROCARDIOGRAMA
eletrocardiograma,ELETROCARDIOGRAMA DE REPOUSO
eletrocardiograma,ECG ELETROCARDIOGRAMA
eletrocardiograma,ELETROCARDIOGRAMA ECG
eletrocardiograma,LAUDO DE ELETROCARDIOGRAMA ECG
eletrocardiograma,ELETROCARDIOGRAMA PERIODICO
eletroencefalograma,LAUDO DE ELETROENCEFALOGRAMA
eletroencefalograma,LAUDO DE ELETROENCEFALOGRAMA OCUPACIONAL
eletroencefalograma,ELETROENCEFALOGRAMA OCUPACIONAL
eletroencefalograma,EEG ELETROENCEFALOGRAMA
eletroencefalograma,ELETROENCEFALOGRAMA EEG
eletroencefalograma,LAUDO ELETROENCEFALOGRAMA DIGITAL
eletroencefalograma,EEG ELETROENCEFALOGRAMA OCUPACIONAL
eletroencefalograma,ELETROENCEFALOGRAMA EM VIGILIA
espirometria,ESPIROMETRIA OCUPACIONAL
espirometria,LAUDO DE ESPIROMETRIA
colesterol total,DOSAGEM DE COLESTEROL TOTAL
TRIGLICERÍDEOS,DOSAGEM DE TRIGLICERIDEOS
AVALIAÇÃO PSICOSSOCIAL,AV PSICOSSOCIAL
AVALIAÇÃO PSICOSSOCIAL,LAUDO DE AVALIACAO PSICOSSOCIAL
AVALIAÇÃO PSICOSSOCIAL,AVALIACAO PSICOSSOCIAL COM ESPECIALISTA
AVALIAÇÃO PSICOSSOCIAL,AVALIACAO PSICOSSOCIAL MEDICA PERIODICO
AVALIAÇÃO PSICOSSOCIAL,ATESTADO DE AVALIACAO PSICOSSOCIAL
AVALIAÇÃO PSICOSSOCIAL,AV PSICOSSOCIAL PADRAO
AVALIAÇÃO PSICOSSOCIAL,AV PSICOSSOCIAL PADRAO COM MEDICO ADMISSIONAL
LDL,LDL COLESTEROL
LDL,DOSAGEM DE COLESTEROL LDL
HDL,HDL COLESTEROL
HDL,DOSAGEM DE COLESTEROL HDL
VLDL,VLDL COLESTEROL
VLDL,DOSAGEM DE COLESTEROL VLDL
avaliacao psicologica,LAUDO DE AVALIACAO PSICOLOGICA
avaliacao psicologica,LAUDO DE AVALIACAO PSICOLOGICA PSICOLOGO PERIODICO
avaliacao psicologica,AV PSICOLOGICA
avaliacao psicologica,LAUDO DE AVALIACAO PSICOLOGICA PSICOLOGO ADMISSIONAL
avaliacao psicologica,AVALIACAO PSICOLOGICA OCUPACIONAL
TESTE SRQ-20,SRQ 20
acido hipurico,AC HIPURICO
TIPAGEM SANGUÍNEA / FATOR RH,TIPAGEM SANGUINEA GRUPO SANGUINEO E FATOR RH
TIPAGEM SANGUÍNEA / FATOR RH,FATOR RH
avaliacao odontologica,FICHA DE AVALIACAO ODONTOLOGICA
anti-hbs,HEPATITE B ANTI HBS
anti-hbs,ANTI HBS ANTICORPO CONTRA
anti-hbs,ANTI HBS ANTICORPO CONTRA ANTIGENO DE SUPERFICIE DO HBV
anti-hcv,HEPATITE C ANTI HCV
anti-hcv,HCV ANTI
HBSAG,HEPATITE B HBSAG
HBSAG,HBSAG ANTIGENO DE SUPERFICIE DO VIRUS DA HEPATITE B
HBSAG,HBS AG
VDRL,VDRL SORO
VDRL,VDRL SIFILIS
ANTI-HVA IGG,HEPATITE A ANTI HVA IGG
ANTI-HVA IGM,HEPATITE A ANTI HVA IGM
radiografia de coluna dorsal,RADIOGRAFIA DA COLUNA DORSAL
PARASITOLÓGICO DE FEZES,PARASITOLOGICO
acido trans-transmuconico,AC TRANSMUCONICO
acido trans-transmuconico,ACIDO TRANSMUCONICO
acido trans-transmuconico,ACIDO TRANS TRANSMUCONICO PRE JORNADA
hemograma completo com plaquetas,HEMOGRAMA COMPLETO PLAQUETAS
hemograma completo com plaquetas,HEMOGRAMA COM PLAQUETAS
ACUIDADE VISUAL,ATESTADO DE ACUIDADE VISUAL
ACUIDADE VISUAL,LAUDO MEDICO ACUIDADE VISUAL
ACUIDADE VISUAL,TESTE DE ACUIDADE VISUAL
ACUIDADE VISUAL,TESTE PARA ACUIDADE VISUAL
ACUIDADE VISUAL COM SENSO CROMÁTICO,TESTE DE ACUIDADE VISUAL COM CORES
ACUIDADE VISUAL COM SENSO CROMÁTICO,ACUIDADE VISUAL COM SENSO
lipidograma (perfil lipidico),PERFIL LIPIDICO LIPIDOGRAMA
creatinina,CREATININA DOSAGEM
TGP (ALT),TGP TRANSAMINASE GLUTAMICO PIRUVICA
TGP (ALT),TGP AIT
TGO (AST),TGO ASPARTATO AMINOTRANSFERASE
TGO (AST),TGO AST TRANSAMINASE GLUTAMICO OXALACETICA
TGO (AST),ASPATATO AMINOTRANSFERASE TGO
TGO (AST),TGO AST ASPARTATO AMINOTRANSFERASE
TGO (AST),TGO TRANSAMINASE GLUTAMICO OXALACETICA
